<?xml version="1.0" encoding="UTF-8"?>
<project-private xmlns="http://www.netbeans.org/ns/project-private/1">
    <editor-bookmarks xmlns="http://www.netbeans.org/ns/editor-bookmarks/2" lastBookmarkId="0"/>
    <open-files xmlns="http://www.netbeans.org/ns/projectui-open-files/2">
        <group>
            <file>file:/Users/alexisdelahoz/OneDrive/Trabajo/Clases/Codigo%202017-1/Algoritmos%20I%20H/Sistema%20de%20Imagenes/src/edu/cuc/fotos/Sistema.java</file>
            <file>file:/Users/alexisdelahoz/OneDrive/Trabajo/Clases/Codigo%202017-1/Algoritmos%20I%20H/Sistema%20de%20Imagenes/src/edu/cuc/fotos/Foto.java</file>
            <file>file:/Users/alexisdelahoz/OneDrive/Trabajo/Clases/Codigo%202017-1/Algoritmos%20I%20H/Sistema%20de%20Imagenes/src/edu/cuc/pruebas/PruebaFoto.java</file>
            <file>file:/Users/alexisdelahoz/OneDrive/Trabajo/Clases/Codigo%202017-1/Algoritmos%20I%20H/Sistema%20de%20Imagenes/src/edu/cuc/fotos/Etiqueta.java</file>
            <file>file:/Users/alexisdelahoz/OneDrive/Trabajo/Clases/Codigo%202017-1/Algoritmos%20I%20H/Sistema%20de%20Imagenes/src/edu/cuc/fotos/Usuario.java</file>
        </group>
    </open-files>
</project-private>
