<?xml version="1.0" encoding="UTF-8"?>
<project-private xmlns="http://www.netbeans.org/ns/project-private/1">
    <editor-bookmarks xmlns="http://www.netbeans.org/ns/editor-bookmarks/2" lastBookmarkId="0"/>
    <open-files xmlns="http://www.netbeans.org/ns/projectui-open-files/2">
        <group>
            <file>file:/Users/alexisdelahoz/OneDrive/Trabajo/Clases/Codigo%202017-1/Algoritmos%20I%20H/Matrices/src/edu/cuc/modelo/PruebasMatrices.java</file>
            <file>file:/Users/alexisdelahoz/OneDrive/Trabajo/Clases/Codigo%202017-1/Algoritmos%20I%20H/Matrices/src/edu/cuc/modelo/Matrices.java</file>
            <file>file:/Users/alexisdelahoz/OneDrive/Trabajo/Clases/Codigo%202017-1/Algoritmos%20I%20H/Matrices/src/edu/cuc/modelo/Prueba2.java</file>
        </group>
    </open-files>
</project-private>
